
CREATE TABLE GENRES (
  ID integer PRIMARY KEY,
  GENRE varchar(40)
);
CREATE TABLE COUNTRIES(
  ID integer PRIMARY KEY,
  COUNTRY varchar(30)
);

CREATE TABLE MOVIES (
  ID integer PRIMARY KEY NOT NULL,
  TITLE varchar(50),
  RELEASE_DATE integer NOT NULL,
  GENRE integer NOT NULL,
  COUNTRY integer NOT NULL,
  PRICE integer,
  COVER varchar(240) NOT NULL,
  FOREIGN KEY (GENRE) REFERENCES GENRES(ID),
  FOREIGN KEY (COUNTRY) REFERENCES COUNTRIES(ID)
);
CREATE TABLE PERSON (
  ID integer PRIMARY KEY,
  NAME varchar(50),
  BIRTH_DATE DATE,
  PICTURE varchar(120) NOT NULL
);
CREATE TABLE MOVIEPERSON (
  ID integer PRIMARY KEY,
  MOVIE_ID integer,
  PERSON_ID integer,
  ISACTOR varchar(1),
  ISWRITER varchar(1),
  ISDIRECTOR varchar(1),
  FOREIGN KEY (MOVIE_ID) REFERENCES MOVIES(ID),
  FOREIGN KEY (PERSON_ID) REFERENCES PERSON(ID)
);
CREATE TABLE USERS (
  FIRST_NAME varchar(15),
  LAST_NAME varchar(15),
  EMAIL varchar(30) PRIMARY KEY NOT NULL,
  USERNAME varchar(50),
  PASSW varchar(20)
);
CREATE TABLE LIKES (
  MOVIE_ID integer,
  USER_EMAIL varchar(30),
  FOREIGN KEY (MOVIE_ID) REFERENCES MOVIES(ID),
  FOREIGN KEY (USER_EMAIL) REFERENCES USERS(EMAIL)
);
CREATE TABLE COMMENTS (
  ID integer PRIMARY KEY,
  MOVIE_ID integer,
  USER_EMAIL varchar(30),
  TEXT varchar(100),
  COMMENT_DATE DATE DEFAULT CURRENT_DATE,
  FOREIGN KEY (MOVIE_ID) REFERENCES MOVIES(ID),
  FOREIGN KEY (USER_EMAIL) REFERENCES USERS(EMAIL)
);

INSERT INTO COUNTRIES VALUES (1, 'Amerika');
INSERT INTO COUNTRIES VALUES (2, 'Japán');
INSERT INTO COUNTRIES VALUES (3, 'Kína');

INSERT INTO GENRES VALUES (1, 'Akció');
INSERT INTO GENRES VALUES (2, 'Kaland');
INSERT INTO GENRES VALUES (3, 'Sci-fi');
INSERT INTO GENRES VALUES (4, 'Krimi');
INSERT INTO GENRES VALUES (5, 'Thriller');
INSERT INTO GENRES VALUES (6, 'Dráma');
INSERT INTO GENRES VALUES (7, 'Családi animáció');
INSERT INTO GENRES VALUES (8, 'Horror');
INSERT INTO GENRES VALUES (9, 'Vígjáték');
INSERT INTO GENRES VALUES (10, 'Dokumentumfilm');

INSERT INTO MOVIES VALUES ('1', 'Bosszúállók', '2012', '1', '1', '2500', 'https://m.media-amazon.com/images/M/MV5BNDYxNjQyMjAtNTdiOS00NGYwLWFmNTAtNThmYjU5ZGI2YTI1XkEyXkFqcGdeQXVyMTMxODk2OTU@._V1_SY1000_CR0,0,675,1000_AL_.jpg');
INSERT INTO MOVIES VALUES ('2', 'Az utolsó cserkész', '1992', '1', '1', '1000', 'https://m.media-amazon.com/images/M/MV5BN2QxYjAwNDUtYWIzMC00ZTg3LTg5YjMtOGM4YzAyZmUxMzI2XkEyXkFqcGdeQXVyNjU0OTQ0OTY@._V1_SY1000_CR0,0,667,1000_AL_.jpg');
INSERT INTO MOVIES VALUES ('3', 'Kill Bill', '2003', '5', '1', '1500', 'https://m.media-amazon.com/images/M/MV5BNzM3NDFhYTAtYmU5Mi00NGRmLTljYjgtMDkyODQ4MjNkMGY2XkEyXkFqcGdeQXVyNzkwMjQ5NzM@._V1_.jpg');
INSERT INTO MOVIES VALUES ('4', 'Jurassic World', '2015', '2', '1', '2000', 'https://m.media-amazon.com/images/M/MV5BNzQ3OTY4NjAtNzM5OS00N2ZhLWJlOWUtYzYwZjNmOWRiMzcyXkEyXkFqcGdeQXVyMTMxODk2OTU@._V1_SY1000_CR0,0,631,1000_AL_.jpg');
INSERT INTO MOVIES VALUES ('5', 'Ezer szó', '2012', '6', '1', '1500', 'https://m.media-amazon.com/images/M/MV5BMTAzODAwODkwMjBeQTJeQWpwZ15BbWU3MDI4MDE3NDc@._V1_SY1000_CR0,0,674,1000_AL_.jpg');
INSERT INTO MOVIES VALUES ('6', 'Verdák', '2006', '7', '1', '1500', 'https://m.media-amazon.com/images/M/MV5BMTg5NzY0MzA2MV5BMl5BanBnXkFtZTYwNDc3NTc2._V1_.jpg');
INSERT INTO MOVIES VALUES ('7', 'Godzilla', '2014', '3', '1', '2000', 'https://m.media-amazon.com/images/M/MV5BN2E4ZDgxN2YtZjExMS00MWE5LTg3NjQtNTkxMzJhOTA3MDQ4XkEyXkFqcGdeQXVyMTQxNzMzNDI@._V1_SY1000_CR0,0,675,1000_AL_.jpg');
INSERT INTO MOVIES VALUES ('8', 'Központi hírszerzés', '2016', '9', '1', '2500', 'https://m.media-amazon.com/images/M/MV5BMjA2NzEzNjIwNl5BMl5BanBnXkFtZTgwNzgwMTEzNzE@._V1_SY1000_CR0,0,674,1000_AL_.jpg');
INSERT INTO MOVIES VALUES ('9', 'Az elveszett frigyláda fosztogatói', '1981', '2', '1', '1000', 'https://m.media-amazon.com/images/M/MV5BMjA0ODEzMTc1Nl5BMl5BanBnXkFtZTcwODM2MjAxNA@@._V1_SY1000_CR0,0,664,1000_AL_.jpg');
INSERT INTO MOVIES VALUES ('10', 'Shazam!', '2019', '1', '1', '3500', 'https://m.media-amazon.com/images/M/MV5BYTE0Yjc1NzUtMjFjMC00Y2I3LTg3NGYtNGRlMGJhYThjMTJmXkEyXkFqcGdeQXVyNTI4MzE4MDU@._V1_SY1000_CR0,0,674,1000_AL_.jpg');
INSERT INTO MOVIES VALUES('11','Harcosok klubja',1999,6,1,1000,'https://m.media-amazon.com/images/M/MV5BMjJmYTNkNmItYjYyZC00MGUxLWJhNWMtZDY4Nzc1MDAwMzU5XkEyXkFqcGdeQXVyNzkwMjQ5NzM@._V1_SY1000_CR0,0,676,1000_AL_.jpg');
